{
    "value0": 6,
    "value1": 4294967295,
    "value2": 0,
    "value3": 1048577,
    "value4": 2,
    "value5": 3,
    "value6": 4,
    "value7": 5,
    "value8": 0,
    "value9": {
        "value0": 528.71435546875,
        "value1": 351.1428527832031,
        "value2": 0.0,
        "value3": 0.0,
        "value4": 1.0
    },
    "value10": 3,
    "value11": {
        "value0": -390.1428527832031,
        "value1": 29.142824172973634,
        "value2": 0.0,
        "value3": 0.0,
        "value4": 1.0
    },
    "value12": 2,
    "value13": {
        "value0": 584.0,
        "value1": -5.0,
        "value2": 0.0,
        "value3": 0.0,
        "value4": 1.0
    },
    "value14": 1048577,
    "value15": {
        "value0": 427.7142028808594,
        "value1": -3.85714054107666,
        "value2": 0.0,
        "value3": 0.0,
        "value4": 1.0
    },
    "value16": 4,
    "value17": {
        "value0": 35.0,
        "value1": -288.0,
        "value2": 0.0,
        "value3": 0.0,
        "value4": 1.0
    },
    "value18": 5,
    "value19": 0,
    "value20": {
        "value0": "test.png"
    },
    "value21": 3,
    "value22": {
        "value0": "test_2.png"
    },
    "value23": 2,
    "value24": {
        "value0": "test.png"
    },
    "value25": 1048577,
    "value26": {
        "value0": "test.png"
    },
    "value27": 4,
    "value28": {
        "value0": "test_2.png"
    },
    "value29": 5,
    "value30": 0,
    "value31": {
        "value0": {
            "value0": 478.0,
            "value1": 301.0,
            "value2": 100.0,
            "value3": 100.0
        }
    },
    "value32": 3,
    "value33": {
        "value0": {
            "value0": -490.0,
            "value1": -21.0,
            "value2": 200.0,
            "value3": 100.0
        }
    },
    "value34": 2,
    "value35": {
        "value0": {
            "value0": 534.0,
            "value1": -55.0,
            "value2": 100.0,
            "value3": 100.0
        }
    },
    "value36": 1048577,
    "value37": {
        "value0": {
            "value0": 377.0,
            "value1": -53.0,
            "value2": 100.0,
            "value3": 100.0
        }
    },
    "value38": 4,
    "value39": {
        "value0": {
            "value0": -65.0,
            "value1": -338.0,
            "value2": 200.0,
            "value3": 100.0
        }
    },
    "value40": 0,
    "value41": 5,
    "value42": 0,
    "value43": {
        "value0": 0.0,
        "value1": 0.0,
        "value2": false,
        "value3": false
    },
    "value44": 3,
    "value45": {
        "value0": 0.0,
        "value1": 0.0,
        "value2": false,
        "value3": false
    },
    "value46": 2,
    "value47": {
        "value0": 0.0,
        "value1": 0.0,
        "value2": false,
        "value3": false
    },
    "value48": 1048577,
    "value49": {
        "value0": 0.0,
        "value1": 0.0,
        "value2": false,
        "value3": false
    },
    "value50": 4,
    "value51": {
        "value0": 0.0,
        "value1": 0.0,
        "value2": false,
        "value3": false
    },
    "value52": 0,
    "value53": 5,
    "value54": 0,
    "value55": {
        "value0": "Dog"
    },
    "value56": 3,
    "value57": {
        "value0": "5"
    },
    "value58": 2,
    "value59": {
        "value0": "4"
    },
    "value60": 1048577,
    "value61": {
        "value0": "5"
    },
    "value62": 4,
    "value63": {
        "value0": "6"
    }
}