{
    "value0": 7,
    "value1": 4294967295,
    "value2": 0,
    "value3": 1,
    "value4": 2,
    "value5": 3,
    "value6": 4,
    "value7": 5,
    "value8": 6,
    "value9": 1,
    "value10": {
        "value0": 400.0,
        "value1": 653.0,
        "value2": 0.0,
        "value3": 0.0,
        "value4": 1.0
    },
    "value11": 2,
    "value12": {
        "value0": 500.1000061035156,
        "value1": 643.0,
        "value2": 0.0,
        "value3": 0.0,
        "value4": 1.0
    },
    "value13": 3,
    "value14": {
        "value0": 600.2000122070313,
        "value1": 657.0,
        "value2": 0.0,
        "value3": 0.0,
        "value4": 1.0
    },
    "value15": 4,
    "value16": {
        "value0": 700.2999877929688,
        "value1": 642.0,
        "value2": 0.0,
        "value3": 0.0,
        "value4": 1.0
    },
    "value17": 5,
    "value18": {
        "value0": 800.4000244140625,
        "value1": 648.0,
        "value2": 0.0,
        "value3": 0.0,
        "value4": 1.0
    },
    "value19": 0,
    "value20": {
        "value0": 590.7974853515625,
        "value1": 395.0941467285156,
        "value2": -1.0,
        "value3": 0.0,
        "value4": 1.0
    },
    "value21": 6,
    "value22": 0,
    "value23": {
        "value0": "gura.png"
    },
    "value24": 1,
    "value25": {
        "value0": "gura.png"
    },
    "value26": 2,
    "value27": {
        "value0": "gura.png"
    },
    "value28": 3,
    "value29": {
        "value0": "gura.png"
    },
    "value30": 4,
    "value31": {
        "value0": "gura.png"
    },
    "value32": 5,
    "value33": {
        "value0": "gura.png"
    },
    "value34": 6,
    "value35": 0,
    "value36": {
        "value0": {
            "value0": 540.0,
            "value1": 345.0,
            "value2": 100.0,
            "value3": 100.0
        }
    },
    "value37": 1,
    "value38": {
        "value0": {
            "value0": 350.0,
            "value1": 603.0,
            "value2": 100.0,
            "value3": 100.0
        }
    },
    "value39": 2,
    "value40": {
        "value0": {
            "value0": 450.0,
            "value1": 593.0,
            "value2": 100.0,
            "value3": 100.0
        }
    },
    "value41": 3,
    "value42": {
        "value0": {
            "value0": 550.0,
            "value1": 607.0,
            "value2": 100.0,
            "value3": 100.0
        }
    },
    "value43": 4,
    "value44": {
        "value0": {
            "value0": 650.0,
            "value1": 592.0,
            "value2": 100.0,
            "value3": 100.0
        }
    },
    "value45": 5,
    "value46": {
        "value0": {
            "value0": 750.0,
            "value1": 598.0,
            "value2": 100.0,
            "value3": 100.0
        }
    },
    "value47": 6,
    "value48": 0,
    "value49": {
        "value0": {
            "value0": 536.0,
            "value1": 341.0,
            "value2": 100.0,
            "value3": 100.0
        }
    },
    "value50": 1,
    "value51": {
        "value0": {
            "value0": 346.0,
            "value1": 599.0,
            "value2": 100.0,
            "value3": 100.0
        }
    },
    "value52": 2,
    "value53": {
        "value0": {
            "value0": 446.0,
            "value1": 589.0,
            "value2": 100.0,
            "value3": 100.0
        }
    },
    "value54": 3,
    "value55": {
        "value0": {
            "value0": 546.0,
            "value1": 603.0,
            "value2": 100.0,
            "value3": 100.0
        }
    },
    "value56": 4,
    "value57": {
        "value0": {
            "value0": 646.0,
            "value1": 588.0,
            "value2": 100.0,
            "value3": 100.0
        }
    },
    "value58": 5,
    "value59": {
        "value0": {
            "value0": 746.0,
            "value1": 594.0,
            "value2": 100.0,
            "value3": 100.0
        }
    },
    "value60": 6,
    "value61": 0,
    "value62": {
        "value0": 0.0,
        "value1": 0.0,
        "value2": false,
        "value3": false
    },
    "value63": 1,
    "value64": {
        "value0": 0.0,
        "value1": 0.0,
        "value2": false,
        "value3": false
    },
    "value65": 2,
    "value66": {
        "value0": 0.0,
        "value1": 0.0,
        "value2": false,
        "value3": false
    },
    "value67": 3,
    "value68": {
        "value0": 0.0,
        "value1": 0.0,
        "value2": false,
        "value3": false
    },
    "value69": 4,
    "value70": {
        "value0": 0.0,
        "value1": 0.0,
        "value2": false,
        "value3": false
    },
    "value71": 5,
    "value72": {
        "value0": 0.0,
        "value1": 0.0,
        "value2": false,
        "value3": false
    },
    "value73": 1,
    "value74": 0,
    "value75": {
        "value0": 0
    }
}